{
    "utterances": [
        {
            "text": "Available items",
            "entities": [],
            "traits": [],
            "intent": "get_items"
        },
        {
            "text": "CS571 is fun!",
            "entities": [],
            "traits": []
        },
        {
            "text": "Can I get price of coconut",
            "entities": [
                {
                    "entity": "food_type:food_type",
                    "start": 19,
                    "end": 26,
                    "body": "coconut",
                    "entities": []
                }
            ],
            "traits": [],
            "intent": "get_price"
        },
        {
            "text": "Can I get the price of an apple",
            "entities": [],
            "traits": [],
            "intent": "get_price"
        },
        {
            "text": "Can you help me",
            "entities": [],
            "traits": [],
            "intent": "get_help"
        },
        {
            "text": "Check me out",
            "entities": [],
            "traits": [],
            "intent": "checkout"
        },
        {
            "text": "Egg price",
            "entities": [
                {
                    "entity": "food_type:food_type",
                    "start": 0,
                    "end": 3,
                    "body": "Egg",
                    "entities": []
                }
            ],
            "traits": [],
            "intent": "get_price"
        },
        {
            "text": "How much does a bagel cost",
            "entities": [
                {
                    "entity": "food_type:food_type",
                    "start": 16,
                    "end": 21,
                    "body": "bagel",
                    "entities": []
                }
            ],
            "traits": [],
            "intent": "get_price"
        },
        {
            "text": "I am done",
            "entities": [],
            "traits": [],
            "intent": "checkout"
        },
        {
            "text": "I don't know what to do",
            "entities": [],
            "traits": [],
            "intent": "get_help"
        },
        {
            "text": "I finished",
            "entities": [],
            "traits": [],
            "intent": "checkout"
        },
        {
            "text": "I like food",
            "entities": [],
            "traits": []
        },
        {
            "text": "I'm finished shopping",
            "entities": [],
            "traits": [],
            "intent": "checkout"
        },
        {
            "text": "The price of a donut is what",
            "entities": [
                {
                    "entity": "food_type:food_type",
                    "start": 15,
                    "end": 20,
                    "body": "donut",
                    "entities": []
                }
            ],
            "traits": [],
            "intent": "get_price"
        },
        {
            "text": "What can I buy",
            "entities": [],
            "traits": [],
            "intent": "get_items"
        },
        {
            "text": "What does an apple cost",
            "entities": [
                {
                    "entity": "food_type:food_type",
                    "start": 13,
                    "end": 18,
                    "body": "apple",
                    "entities": []
                }
            ],
            "traits": [],
            "intent": "get_price"
        },
        {
            "text": "What is the price of a coconut",
            "entities": [
                {
                    "entity": "food_type:food_type",
                    "start": 23,
                    "end": 30,
                    "body": "coconut",
                    "entities": []
                }
            ],
            "traits": [],
            "intent": "get_price"
        },
        {
            "text": "add -1 donuts",
            "entities": [
                {
                    "entity": "wit$number:number",
                    "start": 4,
                    "end": 6,
                    "body": "-1",
                    "entities": []
                },
                {
                    "entity": "food_type:food_type",
                    "start": 7,
                    "end": 12,
                    "body": "donut",
                    "entities": []
                }
            ],
            "traits": [],
            "intent": "add_item"
        },
        {
            "text": "add 10 to cart",
            "entities": [
                {
                    "entity": "wit$number:number",
                    "start": 4,
                    "end": 6,
                    "body": "10",
                    "entities": []
                }
            ],
            "traits": [],
            "intent": "add_item"
        },
        {
            "text": "add 4.5 eggs",
            "entities": [
                {
                    "entity": "wit$number:number",
                    "start": 4,
                    "end": 7,
                    "body": "4.5",
                    "entities": []
                },
                {
                    "entity": "food_type:food_type",
                    "start": 8,
                    "end": 11,
                    "body": "egg",
                    "entities": []
                }
            ],
            "traits": [],
            "intent": "add_item"
        },
        {
            "text": "add 5",
            "entities": [
                {
                    "entity": "wit$number:number",
                    "start": 4,
                    "end": 5,
                    "body": "5",
                    "entities": []
                }
            ],
            "traits": [],
            "intent": "add_item"
        },
        {
            "text": "add 7 eggs",
            "entities": [
                {
                    "entity": "wit$number:number",
                    "start": 4,
                    "end": 5,
                    "body": "7",
                    "entities": []
                },
                {
                    "entity": "food_type:food_type",
                    "start": 6,
                    "end": 9,
                    "body": "egg",
                    "entities": []
                }
            ],
            "traits": [],
            "intent": "add_item"
        },
        {
            "text": "add an apple",
            "entities": [
                {
                    "entity": "food_type:food_type",
                    "start": 7,
                    "end": 12,
                    "body": "apple",
                    "entities": []
                }
            ],
            "traits": [],
            "intent": "add_item"
        },
        {
            "text": "add an apple to my basket",
            "entities": [],
            "traits": [],
            "intent": "add_item"
        },
        {
            "text": "add this to cart",
            "entities": [],
            "traits": [],
            "intent": "add_item"
        },
        {
            "text": "add to cart",
            "entities": [],
            "traits": [],
            "intent": "add_item"
        },
        {
            "text": "asdwasd",
            "entities": [],
            "traits": []
        },
        {
            "text": "can i check my cart",
            "entities": [],
            "traits": [],
            "intent": "view_cart"
        },
        {
            "text": "checkout",
            "entities": [],
            "traits": [],
            "intent": "checkout"
        },
        {
            "text": "delete 4 donuts from my cart",
            "entities": [
                {
                    "entity": "wit$number:number",
                    "start": 7,
                    "end": 8,
                    "body": "4",
                    "entities": []
                },
                {
                    "entity": "food_type:food_type",
                    "start": 9,
                    "end": 14,
                    "body": "donut",
                    "entities": []
                }
            ],
            "traits": [],
            "intent": "remove_item"
        },
        {
            "text": "get help",
            "entities": [],
            "traits": [],
            "intent": "get_help"
        },
        {
            "text": "help",
            "entities": [],
            "traits": [],
            "intent": "get_help"
        },
        {
            "text": "i want 20 bagels in my basket",
            "entities": [
                {
                    "entity": "wit$number:number",
                    "start": 7,
                    "end": 9,
                    "body": "20",
                    "entities": []
                },
                {
                    "entity": "food_type:food_type",
                    "start": 10,
                    "end": 15,
                    "body": "bagel",
                    "entities": []
                }
            ],
            "traits": [],
            "intent": "add_item"
        },
        {
            "text": "put 10 coconuts into my cart",
            "entities": [
                {
                    "entity": "wit$number:number",
                    "start": 4,
                    "end": 6,
                    "body": "10",
                    "entities": []
                },
                {
                    "entity": "food_type:food_type",
                    "start": 7,
                    "end": 14,
                    "body": "coconut",
                    "entities": []
                }
            ],
            "traits": [],
            "intent": "add_item"
        },
        {
            "text": "put 4 donuts in my basket",
            "entities": [
                {
                    "entity": "wit$number:number",
                    "start": 4,
                    "end": 5,
                    "body": "4",
                    "entities": []
                },
                {
                    "entity": "food_type:food_type",
                    "start": 6,
                    "end": 11,
                    "body": "donut",
                    "entities": []
                }
            ],
            "traits": [],
            "intent": "add_item"
        },
        {
            "text": "remove 3 donuts",
            "entities": [
                {
                    "entity": "wit$number:number",
                    "start": 7,
                    "end": 8,
                    "body": "3",
                    "entities": []
                },
                {
                    "entity": "food_type:food_type",
                    "start": 9,
                    "end": 14,
                    "body": "donut",
                    "entities": []
                }
            ],
            "traits": [],
            "intent": "remove_item"
        },
        {
            "text": "remove 7 eggs",
            "entities": [
                {
                    "entity": "wit$number:number",
                    "start": 7,
                    "end": 8,
                    "body": "7",
                    "entities": []
                },
                {
                    "entity": "food_type:food_type",
                    "start": 9,
                    "end": 12,
                    "body": "egg",
                    "entities": []
                }
            ],
            "traits": [],
            "intent": "remove_item"
        },
        {
            "text": "remove a coconut from cart",
            "entities": [
                {
                    "entity": "food_type:food_type",
                    "start": 9,
                    "end": 16,
                    "body": "coconut",
                    "entities": []
                }
            ],
            "traits": [],
            "intent": "remove_item"
        },
        {
            "text": "remove an apple from my basket",
            "entities": [
                {
                    "entity": "food_type:food_type",
                    "start": 10,
                    "end": 15,
                    "body": "apple",
                    "entities": []
                }
            ],
            "traits": [],
            "intent": "remove_item"
        },
        {
            "text": "remove coconut",
            "entities": [
                {
                    "entity": "food_type:food_type",
                    "start": 7,
                    "end": 14,
                    "body": "coconut",
                    "entities": []
                }
            ],
            "traits": [],
            "intent": "remove_item"
        },
        {
            "text": "show basket",
            "entities": [],
            "traits": [],
            "intent": "view_cart"
        },
        {
            "text": "show me items",
            "entities": [],
            "traits": [],
            "intent": "get_items"
        },
        {
            "text": "show me my cart",
            "entities": [],
            "traits": [],
            "intent": "view_cart"
        },
        {
            "text": "take 3 coconuts out of cart",
            "entities": [
                {
                    "entity": "food_type:food_type",
                    "start": 7,
                    "end": 14,
                    "body": "coconut",
                    "entities": []
                },
                {
                    "entity": "wit$number:number",
                    "start": 5,
                    "end": 6,
                    "body": "3",
                    "entities": []
                }
            ],
            "traits": [],
            "intent": "add_item"
        },
        {
            "text": "toss 10 eggs out of basket",
            "entities": [
                {
                    "entity": "food_type:food_type",
                    "start": 8,
                    "end": 11,
                    "body": "egg",
                    "entities": []
                },
                {
                    "entity": "wit$number:number",
                    "start": 5,
                    "end": 7,
                    "body": "10",
                    "entities": []
                }
            ],
            "traits": [],
            "intent": "remove_item"
        },
        {
            "text": "view my cart",
            "entities": [],
            "traits": [],
            "intent": "view_cart"
        },
        {
            "text": "what can I do",
            "entities": [],
            "traits": [],
            "intent": "get_help"
        },
        {
            "text": "what do I have",
            "entities": [],
            "traits": [],
            "intent": "view_cart"
        },
        {
            "text": "what is available",
            "entities": [],
            "traits": [],
            "intent": "get_items"
        },
        {
            "text": "what items can I get",
            "entities": [],
            "traits": [],
            "intent": "get_items"
        },
        {
            "text": "what's in my basket",
            "entities": [],
            "traits": [],
            "intent": "view_cart"
        }
    ]
}
