{
    "name": "food_type",
    "roles": [
        "food_type"
    ],
    "lookups": [
        "keywords"
    ],
    "keywords": [
        {
            "keyword": "Apple",
            "synonyms": [
                "apple"
            ]
        },
        {
            "keyword": "Bagel",
            "synonyms": [
                "bagel"
            ]
        },
        {
            "keyword": "Coconut",
            "synonyms": [
                "coconut"
            ]
        },
        {
            "keyword": "Donut",
            "synonyms": [
                "donut"
            ]
        },
        {
            "keyword": "Egg",
            "synonyms": [
                "egg"
            ]
        }
    ]
}
