{
    "name": "chatrooms",
    "roles": [
        "chatrooms"
    ],
    "lookups": [
        "free-text",
        "keywords"
    ],
    "keywords": [
        {
            "keyword": "Buckys Badger Den",
            "synonyms": [
                "buckys badger den"
            ]
        },
        {
            "keyword": "Engineering Hall Exchange",
            "synonyms": [
                "engineering hall exchange"
            ]
        },
        {
            "keyword": "Grainger Hall Gatherings",
            "synonyms": [
                "Grainger Hall Gatherings",
                "grainger hall gatherings"
            ]
        },
        {
            "keyword": "Kohl Center Kudos",
            "synonyms": [
                "Kohl Center Kudos",
                "kohl center kudos"
            ]
        },
        {
            "keyword": "Lakeshore Path Pioneers",
            "synonyms": [
                "Lakeshore Path Pioneers",
                "lakeshore path pioneers"
            ]
        },
        {
            "keyword": "Picnic Point Pathfinders",
            "synonyms": [
                "picnic point pathfinders"
            ]
        },
        {
            "keyword": "Science Hall Scholars",
            "synonyms": [
                "Science Hall Scholars",
                "science hall scholars"
            ]
        },
        {
            "keyword": "Union South Socials",
            "synonyms": [
                "union south socials"
            ]
        }
    ]
}
