{
    "utterances": [
        {
            "text": "\"create a post",
            "entities": [],
            "traits": [],
            "intent": "create_message"
        },
        {
            "text": "Can I log in?",
            "entities": [],
            "traits": [],
            "intent": "login"
        },
        {
            "text": "Can I register",
            "entities": [],
            "traits": [],
            "intent": "register"
        },
        {
            "text": "I don't know what to do",
            "entities": [],
            "traits": [],
            "intent": "get_help"
        },
        {
            "text": "I want an account",
            "entities": [],
            "traits": [],
            "intent": "register"
        },
        {
            "text": "I want to log out",
            "entities": [],
            "traits": [],
            "intent": "logout"
        },
        {
            "text": "I want to login",
            "entities": [],
            "traits": [],
            "intent": "login"
        },
        {
            "text": "I want to post in Buckys Badger Den",
            "entities": [
                {
                    "entity": "chatrooms:chatrooms",
                    "start": 18,
                    "end": 35,
                    "body": "Buckys Badger Den",
                    "entities": []
                }
            ],
            "traits": [],
            "intent": "create_message"
        },
        {
            "text": "I want to see 8 posts from Engineering Hall Exchange",
            "entities": [
                {
                    "entity": "wit$number:number",
                    "start": 14,
                    "end": 15,
                    "body": "8",
                    "entities": []
                },
                {
                    "entity": "chatrooms:chatrooms",
                    "start": 27,
                    "end": 52,
                    "body": "Engineering Hall Exchange",
                    "entities": []
                }
            ],
            "traits": [],
            "intent": "get_messages"
        },
        {
            "text": "I want to see the chatrooms",
            "entities": [],
            "traits": [],
            "intent": "get_chatrooms"
        },
        {
            "text": "I want to sign up",
            "entities": [],
            "traits": [],
            "intent": "register"
        },
        {
            "text": "Sign me out",
            "entities": [],
            "traits": [],
            "intent": "logout"
        },
        {
            "text": "Sign out",
            "entities": [],
            "traits": [],
            "intent": "logout"
        },
        {
            "text": "What is my username",
            "entities": [],
            "traits": [],
            "intent": "whoami"
        },
        {
            "text": "am I logged in",
            "entities": [],
            "traits": [],
            "intent": "whoami"
        },
        {
            "text": "chatrooms",
            "entities": [],
            "traits": [],
            "intent": "get_chatrooms"
        },
        {
            "text": "get help",
            "entities": [],
            "traits": [],
            "intent": "get_help"
        },
        {
            "text": "get latest post",
            "entities": [],
            "traits": [],
            "intent": "get_messages"
        },
        {
            "text": "give me the 4 latest posts",
            "entities": [
                {
                    "entity": "wit$number:number",
                    "start": 12,
                    "end": 13,
                    "body": "4",
                    "entities": []
                }
            ],
            "traits": [],
            "intent": "get_messages"
        },
        {
            "text": "help",
            "entities": [],
            "traits": [],
            "intent": "get_help"
        },
        {
            "text": "help me",
            "entities": [],
            "traits": [],
            "intent": "get_help"
        },
        {
            "text": "log in",
            "entities": [],
            "traits": [],
            "intent": "login"
        },
        {
            "text": "log me in",
            "entities": [],
            "traits": [],
            "intent": "login"
        },
        {
            "text": "log me out",
            "entities": [],
            "traits": [],
            "intent": "logout"
        },
        {
            "text": "log out",
            "entities": [],
            "traits": [],
            "intent": "logout"
        },
        {
            "text": "login",
            "entities": [],
            "traits": [],
            "intent": "login"
        },
        {
            "text": "login info",
            "entities": [],
            "traits": [],
            "intent": "whoami"
        },
        {
            "text": "logout",
            "entities": [],
            "traits": [],
            "intent": "logout"
        },
        {
            "text": "make a post in union south socials",
            "entities": [
                {
                    "entity": "chatrooms:chatrooms",
                    "start": 15,
                    "end": 34,
                    "body": "union south socials",
                    "entities": []
                }
            ],
            "traits": [],
            "intent": "create_message"
        },
        {
            "text": "messages",
            "entities": [],
            "traits": [],
            "intent": "get_messages"
        },
        {
            "text": "messages from Buckys Badger Den",
            "entities": [
                {
                    "entity": "chatrooms:chatrooms",
                    "start": 14,
                    "end": 31,
                    "body": "Buckys Badger Den",
                    "entities": []
                }
            ],
            "traits": [],
            "intent": "get_messages"
        },
        {
            "text": "post a message to picnic point pathfinders",
            "entities": [
                {
                    "entity": "chatrooms:chatrooms",
                    "start": 18,
                    "end": 42,
                    "body": "picnic point pathfinders",
                    "entities": []
                }
            ],
            "traits": [],
            "intent": "create_message"
        },
        {
            "text": "post message",
            "entities": [],
            "traits": [],
            "intent": "create_message"
        },
        {
            "text": "register",
            "entities": [],
            "traits": [],
            "intent": "register"
        },
        {
            "text": "register for an account",
            "entities": [],
            "traits": [],
            "intent": "register"
        },
        {
            "text": "show chatrooms",
            "entities": [],
            "traits": [],
            "intent": "get_chatrooms"
        },
        {
            "text": "show latest post",
            "entities": [],
            "traits": [],
            "intent": "get_messages"
        },
        {
            "text": "sign in",
            "entities": [],
            "traits": [],
            "intent": "login"
        },
        {
            "text": "sign me up",
            "entities": [],
            "traits": [],
            "intent": "register"
        },
        {
            "text": "what are the 4 latest posts in Union South Socials",
            "entities": [
                {
                    "entity": "wit$number:number",
                    "start": 13,
                    "end": 14,
                    "body": "4",
                    "entities": []
                },
                {
                    "entity": "chatrooms:chatrooms",
                    "start": 31,
                    "end": 50,
                    "body": "Union South Socials",
                    "entities": []
                }
            ],
            "traits": [],
            "intent": "get_messages"
        },
        {
            "text": "what are the 4 latest posts in picnic point pathfinders",
            "entities": [
                {
                    "entity": "wit$number:number",
                    "start": 13,
                    "end": 14,
                    "body": "4",
                    "entities": []
                },
                {
                    "entity": "chatrooms:chatrooms",
                    "start": 31,
                    "end": 55,
                    "body": "picnic point pathfinders",
                    "entities": []
                }
            ],
            "traits": [],
            "intent": "get_messages"
        },
        {
            "text": "what can I do",
            "entities": [],
            "traits": [],
            "intent": "get_help"
        },
        {
            "text": "what chatrooms are there",
            "entities": [],
            "traits": [],
            "intent": "get_chatrooms"
        },
        {
            "text": "what chatrooms can I use",
            "entities": [],
            "traits": [],
            "intent": "get_chatrooms"
        },
        {
            "text": "who am I",
            "entities": [],
            "traits": [],
            "intent": "whoami"
        },
        {
            "text": "who am I logged in as",
            "entities": [],
            "traits": [],
            "intent": "whoami"
        }
    ]
}
